system_id,state_id,method_id,res_1,res_2,component,mutation_id,n_rows,n_samples,mean_score,sd_score,min_score,max_score,threshold,n_favourable,fraction_favourable,rank_by_mean_score
insulin_ir,B24_TRP,SQM_MM_LEAP,INS:B24,IR_SITE1_FRAGMENT,ddg_score,TRP,11,11,-7.464900363636364,6.656509144891209,-17.766074000000003,3.8645520000000033,0.5,10,0.9090909090909091,1
insulin_ir,A19_PHE,SQM_MM_LEAP,INS:A19,IR_SITE1_FRAGMENT,ddg_score,PHE,11,11,-6.772073454545455,3.694560625797671,-12.489381000000009,-1.19712100000001,0.5,11,1.0,2
insulin_ir,B24_TRP_pm,SQM_MM_LEAP,INS:B24,IR_SITE1_FRAGMENT,ddg_score,TRP_pm,11,11,-2.7870886363636385,5.482256807442957,-12.813176999999996,3.959294999999997,0.5,6,0.5454545454545454,3
insulin_ir,B26_LYS_pm,SQM_MM_LEAP,INS:B26,IR_SITE1_FRAGMENT,ddg_score,LYS_pm,11,11,-2.1841196363636355,5.343399157588459,-12.728273000000002,7.542108999999996,0.5,9,0.8181818181818182,4
insulin_ir,B26_TRP,SQM_MM_LEAP,INS:B26,IR_SITE1_FRAGMENT,ddg_score,TRP,11,11,-1.9656108181818206,5.392394620944647,-8.442524000000006,10.442769999999996,0.5,7,0.6363636363636364,5
insulin_ir,B24_HID,SQM_MM_LEAP,INS:B24,IR_SITE1_FRAGMENT,ddg_score,HID,11,11,-1.8355674545454548,5.151041049517803,-8.925004000000001,7.61045,0.5,8,0.7272727272727273,6
insulin_ir,B16_ARG,SQM_MM_LEAP,INS:B16,IR_SITE1_FRAGMENT,ddg_score,ARG,11,11,-1.7065783636363638,2.8965294877244805,-6.541224,3.098935999999995,0.5,9,0.8181818181818182,7
insulin_ir,B24_MET,SQM_MM_LEAP,INS:B24,IR_SITE1_FRAGMENT,ddg_score,MET,11,11,-1.6206036363636387,7.3517059008212415,-14.326829000000004,12.166708,0.5,8,0.7272727272727273,8
insulin_ir,B24_ILE_pm,SQM_MM_LEAP,INS:B24,IR_SITE1_FRAGMENT,ddg_score,ILE_pm,11,11,-1.233730636363638,1.6946802275453197,-3.401122000000001,1.455326999999997,0.5,9,0.8181818181818182,9
insulin_ir,A19_TRP_pm,SQM_MM_LEAP,INS:A19,IR_SITE1_FRAGMENT,ddg_score,TRP_pm,11,11,-0.9296703636363669,2.3223141827807545,-5.886043000000001,2.834955999999991,0.5,8,0.7272727272727273,10
insulin_ir,B16_HIP_pm,SQM_MM_LEAP,INS:B16,IR_SITE1_FRAGMENT,ddg_score,HIP_pm,11,11,-0.8467252727272746,3.23261888074125,-5.682328999999996,4.913594000000003,0.5,7,0.6363636363636364,11
insulin_ir,A19_HID_pm,SQM_MM_LEAP,INS:A19,IR_SITE1_FRAGMENT,ddg_score,HID_pm,11,11,-0.7962512727272752,3.300978586281501,-6.358649999999997,4.117902000000001,0.5,6,0.5454545454545454,12
insulin_ir,A19_TRP,SQM_MM_LEAP,INS:A19,IR_SITE1_FRAGMENT,ddg_score,TRP,11,11,-0.5816665454545464,4.145419231683214,-8.076543000000001,4.454702999999995,0.5,6,0.5454545454545454,13
insulin_ir,B16_HIP,SQM_MM_LEAP,INS:B16,IR_SITE1_FRAGMENT,ddg_score,HIP,11,11,-0.5075746363636388,1.9142778201907513,-2.692762000000002,3.748993999999996,0.5,9,0.8181818181818182,14
insulin_ir,A19_PHE_pm,SQM_MM_LEAP,INS:A19,IR_SITE1_FRAGMENT,ddg_score,PHE_pm,11,11,-0.38105090909091,1.642060756092996,-2.248953,2.641811000000004,0.5,8,0.7272727272727273,15
insulin_ir,B16_ARG_pm,SQM_MM_LEAP,INS:B16,IR_SITE1_FRAGMENT,ddg_score,ARG_pm,11,11,-0.3627964545454551,7.088487447873015,-15.230890000000002,7.545548999999994,0.5,4,0.36363636363636365,16
insulin_ir,B16_TRP,SQM_MM_LEAP,INS:B16,IR_SITE1_FRAGMENT,ddg_score,TRP,11,11,-0.35763445454545395,2.577765886018331,-4.726882000000003,3.596767,0.5,8,0.7272727272727273,17
insulin_ir,B26_ARG,SQM_MM_LEAP,INS:B26,IR_SITE1_FRAGMENT,ddg_score,ARG,11,11,-0.20086790909091043,5.7599838602646525,-10.874032,6.986727999999999,0.5,4,0.36363636363636365,18
insulin_ir,B26_LYS,SQM_MM_LEAP,INS:B26,IR_SITE1_FRAGMENT,ddg_score,LYS,11,11,0.03178872727272619,7.122601918414311,-14.505093000000002,7.371374000000003,0.5,4,0.36363636363636365,19
insulin_ir,B16_TYR_pm,SQM_MM_LEAP,INS:B16,IR_SITE1_FRAGMENT,ddg_score,TYR_pm,11,11,0.3090998181818156,1.016585620306311,-1.1805629999999925,2.1192120000000045,0.5,6,0.5454545454545454,20
insulin_ir,B16_TRP_pm,SQM_MM_LEAP,INS:B16,IR_SITE1_FRAGMENT,ddg_score,TRP_pm,11,11,0.4036108181818179,3.8310519693118743,-8.371232000000006,6.874300000000005,0.5,6,0.5454545454545454,21
insulin_ir,B24_SER_pm,SQM_MM_LEAP,INS:B24,IR_SITE1_FRAGMENT,ddg_score,SER_pm,11,11,0.44425827272727053,2.283612654907838,-3.655422999999999,3.421538999999996,0.5,4,0.36363636363636365,22
insulin_ir,B24_LEU,SQM_MM_LEAP,INS:B24,IR_SITE1_FRAGMENT,ddg_score,LEU,11,11,0.48263527272727136,3.053764122704277,-4.036942999999994,5.248822000000004,0.5,5,0.45454545454545453,23
insulin_ir,B24_PHE_pm,SQM_MM_LEAP,INS:B24,IR_SITE1_FRAGMENT,ddg_score,PHE_pm,11,11,0.7487825454545433,1.2210659480093895,-0.7423560000000009,3.346222999999995,0.5,5,0.45454545454545453,24
insulin_ir,B24_ILE,SQM_MM_LEAP,INS:B24,IR_SITE1_FRAGMENT,ddg_score,ILE,11,11,0.974958818181817,4.566666515103263,-6.389290000000003,6.560642999999999,0.5,4,0.36363636363636365,25
insulin_ir,B16_LYS,SQM_MM_LEAP,INS:B16,IR_SITE1_FRAGMENT,ddg_score,LYS,11,11,1.1022270909090885,1.5013486425681677,-1.3449880000000007,3.3617319999999893,0.5,3,0.2727272727272727,26
insulin_ir,A19_HID,SQM_MM_LEAP,INS:A19,IR_SITE1_FRAGMENT,ddg_score,HID,11,11,1.2253472727272703,5.135806983032872,-9.676687,7.948240999999996,0.5,4,0.36363636363636365,27
insulin_ir,B16_PHE_pm,SQM_MM_LEAP,INS:B16,IR_SITE1_FRAGMENT,ddg_score,PHE_pm,11,11,1.2302883636363617,1.5678572973848255,-1.1527030000000025,3.571489999999997,0.5,4,0.36363636363636365,28
insulin_ir,B16_HIE_pm,SQM_MM_LEAP,INS:B16,IR_SITE1_FRAGMENT,ddg_score,HIE_pm,11,11,1.304392545454546,3.124101081496063,-3.892267000000004,6.945230999999993,0.5,5,0.45454545454545453,29
insulin_ir,A19_HIE,SQM_MM_LEAP,INS:A19,IR_SITE1_FRAGMENT,ddg_score,HIE,11,11,1.3421793636363637,4.661243600361374,-4.617902999999998,8.166741999999992,0.5,7,0.6363636363636364,30
insulin_ir,B24_HIE,SQM_MM_LEAP,INS:B24,IR_SITE1_FRAGMENT,ddg_score,HIE,11,11,1.3698587272727267,5.28220673485181,-5.706713000000008,10.179090000000002,0.5,6,0.5454545454545454,31
insulin_ir,B24_MET_pm,SQM_MM_LEAP,INS:B24,IR_SITE1_FRAGMENT,ddg_score,MET_pm,11,11,1.481489909090907,4.227158445082073,-3.686581000000004,9.907366999999994,0.5,6,0.5454545454545454,32
insulin_ir,B24_HID_pm,SQM_MM_LEAP,INS:B24,IR_SITE1_FRAGMENT,ddg_score,HID_pm,11,11,1.4869666363636365,1.51888171366761,-1.2946069999999992,4.205061999999998,0.5,2,0.18181818181818182,33
insulin_ir,B24_VAL_pm,SQM_MM_LEAP,INS:B24,IR_SITE1_FRAGMENT,ddg_score,VAL_pm,11,11,1.488142636363635,1.718242916502745,-0.9245540000000004,3.812055000000001,0.5,4,0.36363636363636365,34
insulin_ir,B16_PHE,SQM_MM_LEAP,INS:B16,IR_SITE1_FRAGMENT,ddg_score,PHE,11,11,1.5047582727272713,1.239998625946101,-0.6725979999999936,3.653924000000004,0.5,2,0.18181818181818182,35
insulin_ir,A19_ILE_pm,SQM_MM_LEAP,INS:A19,IR_SITE1_FRAGMENT,ddg_score,ILE_pm,11,11,1.612246909090907,3.3123630237059314,-3.198294000000004,6.577687999999995,0.5,5,0.45454545454545453,36
insulin_ir,A19_MET,SQM_MM_LEAP,INS:A19,IR_SITE1_FRAGMENT,ddg_score,MET,11,11,1.6556802727272733,4.506409073401685,-4.679326000000003,8.249334000000005,0.5,4,0.36363636363636365,37
insulin_ir,B16_MET_pm,SQM_MM_LEAP,INS:B16,IR_SITE1_FRAGMENT,ddg_score,MET_pm,11,11,1.7003177272727277,2.4293516448813315,-3.686214000000007,5.275630000000007,0.5,3,0.2727272727272727,38
insulin_ir,A19_VAL_pm,SQM_MM_LEAP,INS:A19,IR_SITE1_FRAGMENT,ddg_score,VAL_pm,11,11,1.7517029090909078,2.8416537349027053,-2.6460909999999984,6.162805000000006,0.5,4,0.36363636363636365,39
insulin_ir,A19_LEU_pm,SQM_MM_LEAP,INS:A19,IR_SITE1_FRAGMENT,ddg_score,LEU_pm,11,11,1.8861686363636339,3.560967437280473,-3.929753000000005,7.750692999999998,0.5,4,0.36363636363636365,40
insulin_ir,A19_VAL,SQM_MM_LEAP,INS:A19,IR_SITE1_FRAGMENT,ddg_score,VAL,11,11,2.061241272727274,3.2913151433853964,-4.085965000000002,7.272777000000005,0.5,4,0.36363636363636365,41
insulin_ir,A19_MET_pm,SQM_MM_LEAP,INS:A19,IR_SITE1_FRAGMENT,ddg_score,MET_pm,11,11,2.2869549999999985,2.1156186440670743,-1.3831660000000028,5.811158000000006,0.5,2,0.18181818181818182,42
insulin_ir,B25_TRP,SQM_MM_LEAP,INS:B25,IR_SITE1_FRAGMENT,ddg_score,TRP,11,11,2.327571454545453,6.278338167083635,-3.435017000000002,20.506258000000003,0.5,5,0.45454545454545453,43
insulin_ir,B16_HIE,SQM_MM_LEAP,INS:B16,IR_SITE1_FRAGMENT,ddg_score,HIE,11,11,2.3748414545454533,1.4137234765974143,-0.5426850000000059,4.127155000000002,0.5,1,0.09090909090909091,44
insulin_ir,B24_TYR_pm,SQM_MM_LEAP,INS:B24,IR_SITE1_FRAGMENT,ddg_score,TYR_pm,11,11,2.4551839999999987,1.3871700876769955,0.4921889999999962,4.744077000000004,0.5,1,0.09090909090909091,45
insulin_ir,B26_ARG_pm,SQM_MM_LEAP,INS:B26,IR_SITE1_FRAGMENT,ddg_score,ARG_pm,11,11,2.488012636363635,5.5148010047322,-4.473541000000012,13.157977000000002,0.5,6,0.5454545454545454,46
insulin_ir,B24_LEU_pm,SQM_MM_LEAP,INS:B24,IR_SITE1_FRAGMENT,ddg_score,LEU_pm,11,11,2.6304869999999982,2.328784691036724,-0.9427309999999948,5.437517999999997,0.5,3,0.2727272727272727,47
insulin_ir,B16_ILE,SQM_MM_LEAP,INS:B16,IR_SITE1_FRAGMENT,ddg_score,ILE,11,11,2.6392917272727274,3.048506582829566,-2.138578999999993,6.940310999999994,0.5,2,0.18181818181818182,48
insulin_ir,B24_ASN,SQM_MM_LEAP,INS:B24,IR_SITE1_FRAGMENT,ddg_score,ASN,11,11,2.6484780909090904,3.705779798309541,-2.41955200000001,8.559888999999998,0.5,4,0.36363636363636365,49
insulin_ir,B16_MET,SQM_MM_LEAP,INS:B16,IR_SITE1_FRAGMENT,ddg_score,MET,11,11,2.6993408181818186,2.0966515683432867,-1.1634559999999965,5.828951000000004,0.5,1,0.09090909090909091,50
insulin_ir,A19_PRO_pm,SQM_MM_LEAP,INS:A19,IR_SITE1_FRAGMENT,ddg_score,PRO_pm,11,11,2.7810238181818194,3.216145878079003,-2.136253999999994,7.242613000000006,0.5,3,0.2727272727272727,51
insulin_ir,B16_VAL,SQM_MM_LEAP,INS:B16,IR_SITE1_FRAGMENT,ddg_score,VAL,11,11,2.854930909090908,1.5597324814275346,0.1365909999999957,4.661233999999993,0.5,2,0.18181818181818182,52
insulin_ir,B16_HID_pm,SQM_MM_LEAP,INS:B16,IR_SITE1_FRAGMENT,ddg_score,HID_pm,11,11,2.9644253636363653,3.5524713847346114,-3.1159899999999965,8.604984000000002,0.5,2,0.18181818181818182,53
insulin_ir,B26_ILE_pm,SQM_MM_LEAP,INS:B26,IR_SITE1_FRAGMENT,ddg_score,ILE_pm,11,11,3.017083545454545,5.565435530959681,-3.1716009999999955,15.699129999999997,0.5,4,0.36363636363636365,54
insulin_ir,B26_ILE,SQM_MM_LEAP,INS:B26,IR_SITE1_FRAGMENT,ddg_score,ILE,11,11,3.017402090909091,5.180378339728101,-1.9581599999999924,16.881553999999994,0.5,3,0.2727272727272727,55
insulin_ir,B26_VAL,SQM_MM_LEAP,INS:B26,IR_SITE1_FRAGMENT,ddg_score,VAL,11,11,3.177821000000001,4.207399897957027,-1.5538020000000046,13.393276,0.5,3,0.2727272727272727,56
insulin_ir,B16_LEU_pm,SQM_MM_LEAP,INS:B16,IR_SITE1_FRAGMENT,ddg_score,LEU_pm,11,11,3.1924936363636363,3.409900093950358,-4.5747420000000005,7.621812000000006,0.5,1,0.09090909090909091,57
insulin_ir,B26_HIP,SQM_MM_LEAP,INS:B26,IR_SITE1_FRAGMENT,ddg_score,HIP,11,11,3.216185909090909,6.4485737906399025,-2.7306290000000075,20.160071,0.5,4,0.36363636363636365,58
insulin_ir,A19_CYS_pm,SQM_MM_LEAP,INS:A19,IR_SITE1_FRAGMENT,ddg_score,CYS_pm,11,11,3.240182636363635,3.3733644727350867,-1.9111210000000085,8.825590000000005,0.5,3,0.2727272727272727,59
insulin_ir,B25_TYR,SQM_MM_LEAP,INS:B25,IR_SITE1_FRAGMENT,ddg_score,TYR,11,11,3.242259636363635,5.980880306729189,-1.2466890000000037,20.57778499999999,0.5,3,0.2727272727272727,60
insulin_ir,B26_PHE,SQM_MM_LEAP,INS:B26,IR_SITE1_FRAGMENT,ddg_score,PHE,11,11,3.251523545454545,6.4905921612923185,-2.5885780000000125,20.652995000000004,0.5,3,0.2727272727272727,61
insulin_ir,B24_VAL,SQM_MM_LEAP,INS:B24,IR_SITE1_FRAGMENT,ddg_score,VAL,11,11,3.2835060909090896,2.7079451329571462,-1.234672000000003,8.262204999999994,0.5,2,0.18181818181818182,62
insulin_ir,B26_VAL_pm,SQM_MM_LEAP,INS:B26,IR_SITE1_FRAGMENT,ddg_score,VAL_pm,11,11,3.302093909090907,5.66298231619154,-2.259961000000004,18.324168,0.5,3,0.2727272727272727,63
insulin_ir,B16_LEU,SQM_MM_LEAP,INS:B16,IR_SITE1_FRAGMENT,ddg_score,LEU,11,11,3.3859196363636346,2.242798674409821,-1.8382000000000005,5.343790999999996,0.5,1,0.09090909090909091,64
insulin_ir,B24_CYS,SQM_MM_LEAP,INS:B24,IR_SITE1_FRAGMENT,ddg_score,CYS,11,11,3.4189099999999994,2.4918978293744725,-0.5603300000000075,6.777602999999999,0.5,1,0.09090909090909091,65
insulin_ir,B26_HID,SQM_MM_LEAP,INS:B26,IR_SITE1_FRAGMENT,ddg_score,HID,11,11,3.4434511818181828,5.257041861717536,-1.7079980000000037,17.464359,0.5,3,0.2727272727272727,66
insulin_ir,B24_ALA_pm,SQM_MM_LEAP,INS:B24,IR_SITE1_FRAGMENT,ddg_score,ALA_pm,11,11,3.462803090909091,2.1386575898024693,0.8575469999999967,7.455846000000008,0.5,0,0.0,67
insulin_ir,B25_ILE_pm,SQM_MM_LEAP,INS:B25,IR_SITE1_FRAGMENT,ddg_score,ILE_pm,11,11,3.577592272727274,5.7120292170640745,-4.5419959999999975,17.046312,0.5,3,0.2727272727272727,68
insulin_ir,B16_ILE_pm,SQM_MM_LEAP,INS:B16,IR_SITE1_FRAGMENT,ddg_score,ILE_pm,11,11,3.582004363636362,3.8198042678721467,-2.87875600000001,9.407224,0.5,2,0.18181818181818182,69
insulin_ir,B24_ALA,SQM_MM_LEAP,INS:B24,IR_SITE1_FRAGMENT,ddg_score,ALA,11,11,3.703773272727274,1.9203300310857063,1.6744960000000049,7.108527000000009,0.5,0,0.0,70
insulin_ir,A19_PRO,SQM_MM_LEAP,INS:A19,IR_SITE1_FRAGMENT,ddg_score,PRO,11,11,3.7454840909090894,2.9547128204061197,-1.770696000000001,8.540113999999996,0.5,2,0.18181818181818182,71
insulin_ir,B26_LEU,SQM_MM_LEAP,INS:B26,IR_SITE1_FRAGMENT,ddg_score,LEU,11,11,3.7467389090909093,5.423788319274315,-2.9665570000000088,17.220084999999997,0.5,3,0.2727272727272727,72
insulin_ir,A19_ILE,SQM_MM_LEAP,INS:A19,IR_SITE1_FRAGMENT,ddg_score,ILE,11,11,3.794410636363636,3.387192613722206,-1.7160850000000067,10.787152999999996,0.5,1,0.09090909090909091,73
insulin_ir,B16_ASN,SQM_MM_LEAP,INS:B16,IR_SITE1_FRAGMENT,ddg_score,ASN,11,11,3.809622727272726,1.31763354089072,1.987899999999996,6.066474999999997,0.5,0,0.0,74
insulin_ir,B16_VAL_pm,SQM_MM_LEAP,INS:B16,IR_SITE1_FRAGMENT,ddg_score,VAL_pm,11,11,3.86121518181818,2.298638264108682,-0.60991700000001,7.059449000000001,0.5,2,0.18181818181818182,75
insulin_ir,B16_LYS_pm,SQM_MM_LEAP,INS:B16,IR_SITE1_FRAGMENT,ddg_score,LYS_pm,11,11,3.9905814545454548,7.014241982953843,-4.501679999999993,18.68085,0.5,4,0.36363636363636365,76
insulin_ir,B16_GLN,SQM_MM_LEAP,INS:B16,IR_SITE1_FRAGMENT,ddg_score,GLN,11,11,4.107238181818181,2.760345828285863,-1.0162169999999977,6.942350000000005,0.5,2,0.18181818181818182,77
insulin_ir,B24_HIE_pm,SQM_MM_LEAP,INS:B24,IR_SITE1_FRAGMENT,ddg_score,HIE_pm,11,11,4.123135999999999,3.355608224850301,-3.6434469999999943,8.922370999999998,0.5,1,0.09090909090909091,78
insulin_ir,B16_HID,SQM_MM_LEAP,INS:B16,IR_SITE1_FRAGMENT,ddg_score,HID,11,11,4.17033927272727,1.6214629031688694,1.799363999999997,6.994682999999995,0.5,0,0.0,79
insulin_ir,B25_HID,SQM_MM_LEAP,INS:B25,IR_SITE1_FRAGMENT,ddg_score,HID,11,11,4.21656,5.789750181548302,0.0143779999999935,20.605757,0.5,2,0.18181818181818182,80
insulin_ir,B26_ASN,SQM_MM_LEAP,INS:B26,IR_SITE1_FRAGMENT,ddg_score,ASN,11,11,4.304090363636362,4.771950421278417,-0.2584810000000033,16.887069999999994,0.5,1,0.09090909090909091,81
insulin_ir,B26_HIE_pm,SQM_MM_LEAP,INS:B26,IR_SITE1_FRAGMENT,ddg_score,HIE_pm,11,11,4.331413454545455,5.6095373935372495,-0.573506000000009,19.067503,0.5,3,0.2727272727272727,82
insulin_ir,A19_LYS_pm,SQM_MM_LEAP,INS:A19,IR_SITE1_FRAGMENT,ddg_score,LYS_pm,11,11,4.347818727272724,3.4617010564466764,-3.521819000000008,9.647441,0.5,1,0.09090909090909091,83
insulin_ir,B24_TYR,SQM_MM_LEAP,INS:B24,IR_SITE1_FRAGMENT,ddg_score,TYR,11,11,4.402598636363636,7.0317948006874085,-7.407919000000007,12.740042000000004,0.5,3,0.2727272727272727,84
insulin_ir,A19_THR,SQM_MM_LEAP,INS:A19,IR_SITE1_FRAGMENT,ddg_score,THR,11,11,4.417887272727271,3.497774626585714,-0.665647000000007,9.757543999999996,0.5,1,0.09090909090909091,85
insulin_ir,B26_CYS,SQM_MM_LEAP,INS:B26,IR_SITE1_FRAGMENT,ddg_score,CYS,11,11,4.555791727272725,5.84202733442979,-0.2960120000000046,21.386914000000004,0.5,1,0.09090909090909091,86
insulin_ir,B16_ALA_pm,SQM_MM_LEAP,INS:B16,IR_SITE1_FRAGMENT,ddg_score,ALA_pm,11,11,4.594414727272724,1.4649049051347398,2.7785339999999934,7.071089999999998,0.5,0,0.0,87
insulin_ir,A19_THR_pm,SQM_MM_LEAP,INS:A19,IR_SITE1_FRAGMENT,ddg_score,THR_pm,11,11,4.701309363636364,2.934660049191708,0.948359999999994,9.842093000000006,0.5,0,0.0,88
insulin_ir,B26_HIE,SQM_MM_LEAP,INS:B26,IR_SITE1_FRAGMENT,ddg_score,HIE,11,11,4.704047272727272,6.006537007541816,0.3632689999999883,21.579022999999992,0.5,1,0.09090909090909091,89
insulin_ir,B25_ASN_pm,SQM_MM_LEAP,INS:B25,IR_SITE1_FRAGMENT,ddg_score,ASN_pm,11,11,4.723711272727271,5.890002037666508,-3.195381000000012,18.772791999999995,0.5,3,0.2727272727272727,90
insulin_ir,A19_LEU,SQM_MM_LEAP,INS:A19,IR_SITE1_FRAGMENT,ddg_score,LEU,11,11,4.725751636363634,2.8404257670670523,0.4085919999999987,9.600012,0.5,1,0.09090909090909091,91
insulin_ir,B24_THR_pm,SQM_MM_LEAP,INS:B24,IR_SITE1_FRAGMENT,ddg_score,THR_pm,11,11,4.729304454545453,3.9684554429756003,-2.759332999999998,10.904407000000006,0.5,2,0.18181818181818182,92
insulin_ir,B26_GLN,SQM_MM_LEAP,INS:B26,IR_SITE1_FRAGMENT,ddg_score,GLN,11,11,4.736713909090909,7.423016248557421,-3.853398999999996,20.667552,0.5,4,0.36363636363636365,93
insulin_ir,B25_ARG,SQM_MM_LEAP,INS:B25,IR_SITE1_FRAGMENT,ddg_score,ARG,11,11,4.760541454545454,5.32197585407225,-3.335549999999998,15.792091,0.5,2,0.18181818181818182,94
insulin_ir,B25_HID_pm,SQM_MM_LEAP,INS:B25,IR_SITE1_FRAGMENT,ddg_score,HID_pm,11,11,4.860214727272726,6.91610634880821,-4.862835000000004,20.171431,0.5,3,0.2727272727272727,95
insulin_ir,B24_THR,SQM_MM_LEAP,INS:B24,IR_SITE1_FRAGMENT,ddg_score,THR,11,11,4.884328272727273,2.669647172800112,1.5986010000000022,10.38875200000001,0.5,0,0.0,96
insulin_ir,B24_GLN,SQM_MM_LEAP,INS:B24,IR_SITE1_FRAGMENT,ddg_score,GLN,11,11,4.911043999999999,8.158396822936663,-12.310658000000004,21.08789,0.5,3,0.2727272727272727,97
insulin_ir,B16_ALA,SQM_MM_LEAP,INS:B16,IR_SITE1_FRAGMENT,ddg_score,ALA,11,11,4.928483636363635,0.9922862610454971,3.460262,6.331879999999998,0.5,0,0.0,98
insulin_ir,A19_SER_pm,SQM_MM_LEAP,INS:A19,IR_SITE1_FRAGMENT,ddg_score,SER_pm,11,11,4.947664727272726,2.5932613101371076,0.737370999999996,10.201605,0.5,0,0.0,99
insulin_ir,B26_ALA_pm,SQM_MM_LEAP,INS:B26,IR_SITE1_FRAGMENT,ddg_score,ALA_pm,11,11,4.95024027272727,4.859123513205034,1.615470000000002,18.146922000000004,0.5,0,0.0,100
insulin_ir,B24_GLN_pm,SQM_MM_LEAP,INS:B24,IR_SITE1_FRAGMENT,ddg_score,GLN_pm,11,11,4.988264727272727,2.9705021559699016,-0.7052410000000009,8.142814999999999,0.5,1,0.09090909090909091,101
insulin_ir,A19_ALA,SQM_MM_LEAP,INS:A19,IR_SITE1_FRAGMENT,ddg_score,ALA,11,11,4.99640290909091,2.177293246690415,2.344802999999999,8.791769000000002,0.5,0,0.0,102
insulin_ir,B16_THR,SQM_MM_LEAP,INS:B16,IR_SITE1_FRAGMENT,ddg_score,THR,11,11,5.0220922727272725,3.22146103753682,-0.198843999999994,9.570987000000002,0.5,1,0.09090909090909091,103
insulin_ir,A19_ALA_pm,SQM_MM_LEAP,INS:A19,IR_SITE1_FRAGMENT,ddg_score,ALA_pm,11,11,5.088723454545454,2.52869505011618,0.8533460000000019,9.376580000000004,0.5,0,0.0,104
insulin_ir,B24_PRO_pm,SQM_MM_LEAP,INS:B24,IR_SITE1_FRAGMENT,ddg_score,PRO_pm,11,11,5.095145545454545,4.6943193083954045,-1.4982020000000065,12.426023999999998,0.5,2,0.18181818181818182,105
insulin_ir,B26_ALA,SQM_MM_LEAP,INS:B26,IR_SITE1_FRAGMENT,ddg_score,ALA,11,11,5.1910920909090885,4.60619571500453,0.3785809999999969,17.290995999999993,0.5,1,0.09090909090909091,106
insulin_ir,B25_HIP_pm,SQM_MM_LEAP,INS:B25,IR_SITE1_FRAGMENT,ddg_score,HIP_pm,11,11,5.19819327272727,6.0639489191132405,-4.004336000000009,18.232232999999997,0.5,2,0.18181818181818182,107
insulin_ir,B25_ASN,SQM_MM_LEAP,INS:B25,IR_SITE1_FRAGMENT,ddg_score,ASN,11,11,5.246148090909091,6.0759809722861124,-0.5649590000000018,22.016723,0.5,2,0.18181818181818182,108
insulin_ir,A19_ARG_pm,SQM_MM_LEAP,INS:A19,IR_SITE1_FRAGMENT,ddg_score,ARG_pm,11,11,5.291980727272726,4.738770384556211,-3.619146999999998,11.234918999999998,0.5,2,0.18181818181818182,109
insulin_ir,B26_PHE_pm,SQM_MM_LEAP,INS:B26,IR_SITE1_FRAGMENT,ddg_score,PHE_pm,11,11,5.304676818181817,6.261121676524564,-3.781333000000004,20.95509,0.5,1,0.09090909090909091,110
insulin_ir,B26_GLN_pm,SQM_MM_LEAP,INS:B26,IR_SITE1_FRAGMENT,ddg_score,GLN_pm,11,11,5.320925090909092,6.076280324389065,-3.3394579999999934,16.354231999999996,0.5,3,0.2727272727272727,111
insulin_ir,B26_TYR_pm,SQM_MM_LEAP,INS:B26,IR_SITE1_FRAGMENT,ddg_score,TYR_pm,11,11,5.4263247272727275,6.287388113895581,-1.4210100000000097,20.616732,0.5,2,0.18181818181818182,112
insulin_ir,B25_HIP,SQM_MM_LEAP,INS:B25,IR_SITE1_FRAGMENT,ddg_score,HIP,11,11,5.461262818181816,6.0987104580829845,-1.0568530000000038,20.315281,0.5,2,0.18181818181818182,113
insulin_ir,B26_HIP_pm,SQM_MM_LEAP,INS:B26,IR_SITE1_FRAGMENT,ddg_score,HIP_pm,11,11,5.635385454545453,5.410967090676628,-1.3527150000000034,18.449832,0.5,1,0.09090909090909091,114
insulin_ir,A19_HIE_pm,SQM_MM_LEAP,INS:A19,IR_SITE1_FRAGMENT,ddg_score,HIE_pm,11,11,5.644242999999997,1.6254398039646996,2.8613930000000067,8.028301999999996,0.5,0,0.0,115
insulin_ir,B16_CYS,SQM_MM_LEAP,INS:B16,IR_SITE1_FRAGMENT,ddg_score,CYS,11,11,5.754017272727271,1.7153694968525635,3.405034999999998,9.230305,0.5,0,0.0,116
insulin_ir,B16_PRO_pm,SQM_MM_LEAP,INS:B16,IR_SITE1_FRAGMENT,ddg_score,PRO_pm,11,11,5.787550999999998,3.473045283255976,-1.7479809999999958,9.553248999999994,0.5,1,0.09090909090909091,117
insulin_ir,A19_HIP_pm,SQM_MM_LEAP,INS:A19,IR_SITE1_FRAGMENT,ddg_score,HIP_pm,11,11,5.834303909090907,5.025973292535597,-2.3759390000000025,12.100721000000007,0.5,2,0.18181818181818182,118
insulin_ir,B26_LEU_pm,SQM_MM_LEAP,INS:B26,IR_SITE1_FRAGMENT,ddg_score,LEU_pm,11,11,5.842467545454545,5.045267882992881,-0.6216870000000085,19.174708999999996,0.5,1,0.09090909090909091,119
insulin_ir,B25_ILE,SQM_MM_LEAP,INS:B25,IR_SITE1_FRAGMENT,ddg_score,ILE,11,11,5.87441118181818,6.618347196962227,-0.567026999999996,23.136342,0.5,1,0.09090909090909091,120
insulin_ir,B26_HID_pm,SQM_MM_LEAP,INS:B26,IR_SITE1_FRAGMENT,ddg_score,HID_pm,11,11,5.876748545454546,7.019508379481166,-5.562518000000011,23.086882000000003,0.5,1,0.09090909090909091,121
insulin_ir,B26_SER_pm,SQM_MM_LEAP,INS:B26,IR_SITE1_FRAGMENT,ddg_score,SER_pm,11,11,5.896027454545455,5.427654472340541,1.911369000000008,20.852262,0.5,0,0.0,122
insulin_ir,B26_TRP_pm,SQM_MM_LEAP,INS:B26,IR_SITE1_FRAGMENT,ddg_score,TRP_pm,11,11,5.924223818181815,5.134737181599636,-2.376168000000007,16.764927999999998,0.5,1,0.09090909090909091,123
insulin_ir,B16_PRO,SQM_MM_LEAP,INS:B16,IR_SITE1_FRAGMENT,ddg_score,PRO,11,11,5.957399818181816,2.8525076813341927,-1.0967140000000055,9.779543000000004,0.5,1,0.09090909090909091,124
insulin_ir,B26_MET,SQM_MM_LEAP,INS:B26,IR_SITE1_FRAGMENT,ddg_score,MET,11,11,5.986747545454545,5.434586338408738,0.2121859999999884,19.985355,0.5,1,0.09090909090909091,125
insulin_ir,A19_CYS,SQM_MM_LEAP,INS:A19,IR_SITE1_FRAGMENT,ddg_score,CYS,11,11,6.001893000000001,3.4749601862716926,-0.1560580000000015,9.443464000000006,0.5,1,0.09090909090909091,126
insulin_ir,B16_SER,SQM_MM_LEAP,INS:B16,IR_SITE1_FRAGMENT,ddg_score,SER,11,11,6.065035909090908,1.1858565115746085,4.54168,7.895619000000011,0.5,0,0.0,127
insulin_ir,A19_GLN,SQM_MM_LEAP,INS:A19,IR_SITE1_FRAGMENT,ddg_score,GLN,11,11,6.148545000000001,2.887312938453019,2.2009800000000013,10.885227,0.5,0,0.0,128
insulin_ir,B24_SER,SQM_MM_LEAP,INS:B24,IR_SITE1_FRAGMENT,ddg_score,SER,11,11,6.17374227272727,2.828579070376013,2.273929999999993,12.358711999999995,0.5,0,0.0,129
insulin_ir,B24_ARG_pm,SQM_MM_LEAP,INS:B24,IR_SITE1_FRAGMENT,ddg_score,ARG_pm,11,11,6.280598818181816,3.7780309152960827,0.2872380000000021,13.375733999999994,0.5,1,0.09090909090909091,130
insulin_ir,B26_ASN_pm,SQM_MM_LEAP,INS:B26,IR_SITE1_FRAGMENT,ddg_score,ASN_pm,11,11,6.320198636363634,4.716256761323928,2.3767979999999937,19.31867,0.5,0,0.0,131
insulin_ir,B24_PRO,SQM_MM_LEAP,INS:B24,IR_SITE1_FRAGMENT,ddg_score,PRO,11,11,6.382899000000001,5.033880932676062,-5.576616000000001,12.095055000000002,0.5,1,0.09090909090909091,132
insulin_ir,B25_LEU_pm,SQM_MM_LEAP,INS:B25,IR_SITE1_FRAGMENT,ddg_score,LEU_pm,11,11,6.387621272727274,5.637977849937654,0.6901200000000074,20.858243,0.5,0,0.0,133
insulin_ir,B26_SER,SQM_MM_LEAP,INS:B26,IR_SITE1_FRAGMENT,ddg_score,SER,11,11,6.389255090909091,5.639680196546512,0.4715679999999906,20.882346,0.5,1,0.09090909090909091,134
insulin_ir,B26_CYS_pm,SQM_MM_LEAP,INS:B26,IR_SITE1_FRAGMENT,ddg_score,CYS_pm,11,11,6.457518909090908,6.2302743887554515,0.0818629999999984,23.728548000000004,0.5,1,0.09090909090909091,135
insulin_ir,B24_ASP_pm,SQM_MM_LEAP,INS:B24,IR_SITE1_FRAGMENT,ddg_score,ASP_pm,11,11,6.570386545454545,2.2418681801143623,3.447673999999992,9.943554000000006,0.5,0,0.0,136
insulin_ir,B26_THR_pm,SQM_MM_LEAP,INS:B26,IR_SITE1_FRAGMENT,ddg_score,THR_pm,11,11,6.626549909090908,5.505398018424145,1.331030999999996,21.275909,0.5,0,0.0,137
insulin_ir,B25_SER_pm,SQM_MM_LEAP,INS:B25,IR_SITE1_FRAGMENT,ddg_score,SER_pm,11,11,6.646791909090908,3.135824707524785,2.5892219999999924,13.628686000000002,0.5,0,0.0,138
insulin_ir,B25_CYS_pm,SQM_MM_LEAP,INS:B25,IR_SITE1_FRAGMENT,ddg_score,CYS_pm,11,11,6.789572909090908,5.044831228382779,-0.1585189999999983,19.731262,0.5,1,0.09090909090909091,139
insulin_ir,B25_PRO_pm,SQM_MM_LEAP,INS:B25,IR_SITE1_FRAGMENT,ddg_score,PRO_pm,11,11,6.85412309090909,5.500573691262238,2.121120000000005,20.728071,0.5,0,0.0,140
insulin_ir,B25_TRP_pm,SQM_MM_LEAP,INS:B25,IR_SITE1_FRAGMENT,ddg_score,TRP_pm,11,11,6.951062090909089,7.018017387410655,-2.866842000000005,18.035343999999995,0.5,2,0.18181818181818182,141
insulin_ir,B26_MET_pm,SQM_MM_LEAP,INS:B26,IR_SITE1_FRAGMENT,ddg_score,MET_pm,11,11,7.047142272727272,5.71888803562455,0.6853490000000022,22.00372,0.5,0,0.0,142
insulin_ir,B16_GLN_pm,SQM_MM_LEAP,INS:B16,IR_SITE1_FRAGMENT,ddg_score,GLN_pm,11,11,7.099974909090909,5.306544942613893,-0.8815460000000002,15.597482,0.5,2,0.18181818181818182,143
insulin_ir,B24_ASN_pm,SQM_MM_LEAP,INS:B24,IR_SITE1_FRAGMENT,ddg_score,ASN_pm,11,11,7.226714727272727,2.6386280428806606,5.252807000000004,13.059264,0.5,0,0.0,144
insulin_ir,B25_PRO,SQM_MM_LEAP,INS:B25,IR_SITE1_FRAGMENT,ddg_score,PRO,11,11,7.3299720909090915,6.638766853898101,2.466041000000004,25.942852,0.5,0,0.0,145
insulin_ir,B25_LEU,SQM_MM_LEAP,INS:B25,IR_SITE1_FRAGMENT,ddg_score,LEU,11,11,7.543696545454543,5.886972350767284,0.5554149999999964,23.03309,0.5,0,0.0,146
insulin_ir,A19_GLN_pm,SQM_MM_LEAP,INS:A19,IR_SITE1_FRAGMENT,ddg_score,GLN_pm,11,11,7.7087407272727235,3.98779080406952,2.0734879999999976,14.045150000000008,0.5,0,0.0,147
insulin_ir,B25_THR,SQM_MM_LEAP,INS:B25,IR_SITE1_FRAGMENT,ddg_score,THR,11,11,7.7268281818181785,6.494375286584136,-0.978424000000004,21.646586,0.5,1,0.09090909090909091,148
insulin_ir,B26_THR,SQM_MM_LEAP,INS:B26,IR_SITE1_FRAGMENT,ddg_score,THR,11,11,7.806145090909089,6.574824534473411,-2.813188000000011,20.482394,0.5,2,0.18181818181818182,149
insulin_ir,B26_PRO_pm,SQM_MM_LEAP,INS:B26,IR_SITE1_FRAGMENT,ddg_score,PRO_pm,11,11,7.84439609090909,4.548858135911024,2.660701000000003,16.368345000000005,0.5,0,0.0,150
insulin_ir,B16_THR_pm,SQM_MM_LEAP,INS:B16,IR_SITE1_FRAGMENT,ddg_score,THR_pm,11,11,7.981123636363635,1.637831573983555,5.284254000000004,10.083953999999991,0.5,0,0.0,151
insulin_ir,B25_ALA,SQM_MM_LEAP,INS:B25,IR_SITE1_FRAGMENT,ddg_score,ALA,11,11,7.995985545454545,6.066501512607369,3.242097000000001,25.481458000000003,0.5,0,0.0,152
insulin_ir,B25_MET,SQM_MM_LEAP,INS:B25,IR_SITE1_FRAGMENT,ddg_score,MET,11,11,8.002530272727272,6.4802518159513065,0.6746870000000058,25.514681,0.5,0,0.0,153
insulin_ir,B25_MET_pm,SQM_MM_LEAP,INS:B25,IR_SITE1_FRAGMENT,ddg_score,MET_pm,11,11,8.080899999999998,5.799823495640054,1.7045609999999982,22.701629,0.5,0,0.0,154
insulin_ir,B25_ALA_pm,SQM_MM_LEAP,INS:B25,IR_SITE1_FRAGMENT,ddg_score,ALA_pm,11,11,8.097261818181819,5.797936856890022,4.099689999999995,24.94963,0.5,0,0.0,155
insulin_ir,A19_SER,SQM_MM_LEAP,INS:A19,IR_SITE1_FRAGMENT,ddg_score,SER,11,11,8.136295727272726,4.181935147006517,-0.6812120000000021,15.018810000000002,0.5,1,0.09090909090909091,156
insulin_ir,B16_ASN_pm,SQM_MM_LEAP,INS:B16,IR_SITE1_FRAGMENT,ddg_score,ASN_pm,11,11,8.162585,3.0591724958633164,1.2980230000000006,10.982614999999996,0.5,0,0.0,157
insulin_ir,B25_VAL,SQM_MM_LEAP,INS:B25,IR_SITE1_FRAGMENT,ddg_score,VAL,11,11,8.270376909090906,6.231875337265011,3.390718000000007,25.130809,0.5,0,0.0,158
insulin_ir,A19_ASN,SQM_MM_LEAP,INS:A19,IR_SITE1_FRAGMENT,ddg_score,ASN,11,11,8.275662181818182,3.1337006386233455,3.080314999999999,12.532436999999994,0.5,0,0.0,159
insulin_ir,B16_CYS_pm,SQM_MM_LEAP,INS:B16,IR_SITE1_FRAGMENT,ddg_score,CYS_pm,11,11,8.293270454545453,3.409910851929955,2.1393680000000046,13.170754000000002,0.5,0,0.0,160
insulin_ir,B25_THR_pm,SQM_MM_LEAP,INS:B25,IR_SITE1_FRAGMENT,ddg_score,THR_pm,11,11,8.311296909090908,6.711576219367018,0.8026820000000043,22.645228000000003,0.5,0,0.0,161
insulin_ir,B25_PHE_pm,SQM_MM_LEAP,INS:B25,IR_SITE1_FRAGMENT,ddg_score,PHE_pm,11,11,8.422274272727272,6.492228300185846,3.641261,24.505140999999995,0.5,0,0.0,162
insulin_ir,A19_ASN_pm,SQM_MM_LEAP,INS:A19,IR_SITE1_FRAGMENT,ddg_score,ASN_pm,11,11,8.424853363636366,3.228916544253484,5.292539000000005,14.065793000000006,0.5,0,0.0,163
insulin_ir,B25_TYR_pm,SQM_MM_LEAP,INS:B25,IR_SITE1_FRAGMENT,ddg_score,TYR_pm,11,11,8.46523,8.303484731976665,-2.1015179999999987,24.405106000000004,0.5,1,0.09090909090909091,164
insulin_ir,B26_PRO,SQM_MM_LEAP,INS:B26,IR_SITE1_FRAGMENT,ddg_score,PRO,11,11,8.643332999999998,5.739572173536667,1.6601369999999918,21.874754,0.5,0,0.0,165
insulin_ir,B25_HIE_pm,SQM_MM_LEAP,INS:B25,IR_SITE1_FRAGMENT,ddg_score,HIE_pm,11,11,9.132643999999997,4.813886767783141,3.688894999999988,20.914331000000004,0.5,0,0.0,166
insulin_ir,B26_ASP,SQM_MM_LEAP,INS:B26,IR_SITE1_FRAGMENT,ddg_score,ASP,11,11,9.259210636363635,6.229812248874864,4.431301000000005,25.709063,0.5,0,0.0,167
insulin_ir,B25_CYS,SQM_MM_LEAP,INS:B25,IR_SITE1_FRAGMENT,ddg_score,CYS,11,11,9.269194818181818,5.395331650088136,2.188207999999989,23.932501,0.5,0,0.0,168
insulin_ir,B25_VAL_pm,SQM_MM_LEAP,INS:B25,IR_SITE1_FRAGMENT,ddg_score,VAL_pm,11,11,9.377119363636364,5.360304738529131,2.805731999999992,20.902316,0.5,0,0.0,169
insulin_ir,B16_SER_pm,SQM_MM_LEAP,INS:B16,IR_SITE1_FRAGMENT,ddg_score,SER_pm,11,11,9.40716709090909,2.1632114923274837,5.862640999999996,12.176320000000004,0.5,0,0.0,170
insulin_ir,B26_ASP_pm,SQM_MM_LEAP,INS:B26,IR_SITE1_FRAGMENT,ddg_score,ASP_pm,11,11,9.516467636363638,6.004146683936115,2.4153170000000017,24.768862,0.5,0,0.0,171
insulin_ir,B24_HIP_pm,SQM_MM_LEAP,INS:B24,IR_SITE1_FRAGMENT,ddg_score,HIP_pm,11,11,9.544640818181819,3.9453924015881827,2.9147239999999925,19.08973,0.5,0,0.0,172
insulin_ir,B16_GLU,SQM_MM_LEAP,INS:B16,IR_SITE1_FRAGMENT,ddg_score,GLU,11,11,9.715954636363637,2.2540149413602077,4.900228999999996,13.351360000000009,0.5,0,0.0,173
insulin_ir,B25_HIE,SQM_MM_LEAP,INS:B25,IR_SITE1_FRAGMENT,ddg_score,HIE,11,11,9.995572818181815,6.2804861840464845,5.858499999999992,28.288838,0.5,0,0.0,174
insulin_ir,B16_ASP,SQM_MM_LEAP,INS:B16,IR_SITE1_FRAGMENT,ddg_score,ASP,11,11,10.246287727272724,1.6845355760190461,7.576583999999997,12.777513,0.5,0,0.0,175
insulin_ir,B26_GLU_pm,SQM_MM_LEAP,INS:B26,IR_SITE1_FRAGMENT,ddg_score,GLU_pm,11,11,10.832555545454545,9.988917852383846,-3.111851000000001,28.352807,0.5,3,0.2727272727272727,176
insulin_ir,B25_LYS,SQM_MM_LEAP,INS:B25,IR_SITE1_FRAGMENT,ddg_score,LYS,11,11,11.103261727272725,6.895590393106236,-0.9283829999999966,25.309797999999997,0.5,1,0.09090909090909091,177
insulin_ir,B25_SER,SQM_MM_LEAP,INS:B25,IR_SITE1_FRAGMENT,ddg_score,SER,11,11,11.200503818181817,6.232933179346844,6.0126360000000005,28.577923,0.5,0,0.0,178
insulin_ir,B24_HIP,SQM_MM_LEAP,INS:B24,IR_SITE1_FRAGMENT,ddg_score,HIP,11,11,11.75256127272727,6.973154264104017,0.8977919999999955,26.75879,0.5,0,0.0,179
insulin_ir,B24_LYS,SQM_MM_LEAP,INS:B24,IR_SITE1_FRAGMENT,ddg_score,LYS,11,11,11.87839609090909,6.599515969481165,-3.711537000000007,21.008038,0.5,1,0.09090909090909091,180
insulin_ir,B24_ARG,SQM_MM_LEAP,INS:B24,IR_SITE1_FRAGMENT,ddg_score,ARG,11,11,12.118756181818183,7.802267272338033,0.852675000000005,26.742130000000003,0.5,0,0.0,181
insulin_ir,B24_GLU_pm,SQM_MM_LEAP,INS:B24,IR_SITE1_FRAGMENT,ddg_score,GLU_pm,11,11,12.241357454545454,4.529053685800895,6.750530999999995,23.212459000000003,0.5,0,0.0,182
insulin_ir,B16_GLU_pm,SQM_MM_LEAP,INS:B16,IR_SITE1_FRAGMENT,ddg_score,GLU_pm,11,11,13.614058999999997,7.358250146436541,4.624544999999998,27.559944,0.5,0,0.0,183
insulin_ir,B25_LYS_pm,SQM_MM_LEAP,INS:B25,IR_SITE1_FRAGMENT,ddg_score,LYS_pm,11,11,14.331712818181819,6.561409744301185,7.325140000000005,28.474671,0.5,0,0.0,184
insulin_ir,B25_GLN,SQM_MM_LEAP,INS:B25,IR_SITE1_FRAGMENT,ddg_score,GLN,11,11,14.817075363636361,6.579843025585614,6.994129999999998,31.686462,0.5,0,0.0,185
insulin_ir,A19_HIP,SQM_MM_LEAP,INS:A19,IR_SITE1_FRAGMENT,ddg_score,HIP,11,11,15.37223918181818,5.326614329103693,8.500221999999994,24.720291000000003,0.5,0,0.0,186
insulin_ir,A19_ASP_pm,SQM_MM_LEAP,INS:A19,IR_SITE1_FRAGMENT,ddg_score,ASP_pm,11,11,15.770774545454545,3.994703731080652,11.509467999999998,23.959881000000003,0.5,0,0.0,187
insulin_ir,A19_GLU_pm,SQM_MM_LEAP,INS:A19,IR_SITE1_FRAGMENT,ddg_score,GLU_pm,11,11,16.023368,6.273080591083571,9.06635,29.036815000000004,0.5,0,0.0,188
insulin_ir,B25_GLU_pm,SQM_MM_LEAP,INS:B25,IR_SITE1_FRAGMENT,ddg_score,GLU_pm,11,11,16.163868818181815,6.986680641533661,8.243054999999991,29.164064,0.5,0,0.0,189
insulin_ir,B25_ARG_pm,SQM_MM_LEAP,INS:B25,IR_SITE1_FRAGMENT,ddg_score,ARG_pm,11,11,17.39057018181818,3.418384246719051,12.145583999999992,23.048721,0.5,0,0.0,190
insulin_ir,A19_ASP,SQM_MM_LEAP,INS:A19,IR_SITE1_FRAGMENT,ddg_score,ASP,11,11,19.103491727272726,7.895126285697526,9.961010000000002,32.140929,0.5,0,0.0,191
insulin_ir,A19_ARG,SQM_MM_LEAP,INS:A19,IR_SITE1_FRAGMENT,ddg_score,ARG,11,11,19.576504090909086,7.512997439647952,7.173468,30.565867999999995,0.5,0,0.0,192
insulin_ir,B25_ASP,SQM_MM_LEAP,INS:B25,IR_SITE1_FRAGMENT,ddg_score,ASP,11,11,19.614755636363636,5.737196415289601,11.672279999999994,35.123487999999995,0.5,0,0.0,193
insulin_ir,B25_GLU,SQM_MM_LEAP,INS:B25,IR_SITE1_FRAGMENT,ddg_score,GLU,11,11,20.578909727272727,8.13622923675979,9.603920999999993,36.676938,0.5,0,0.0,194
insulin_ir,B26_GLU,SQM_MM_LEAP,INS:B26,IR_SITE1_FRAGMENT,ddg_score,GLU,11,11,20.82526090909091,7.668179288223568,12.752799000000005,39.250452,0.5,0,0.0,195
insulin_ir,B25_ASP_pm,SQM_MM_LEAP,INS:B25,IR_SITE1_FRAGMENT,ddg_score,ASP_pm,11,11,21.446096727272728,4.686763875447773,15.097719999999995,30.859656,0.5,0,0.0,196
insulin_ir,A19_GLU,SQM_MM_LEAP,INS:A19,IR_SITE1_FRAGMENT,ddg_score,GLU,11,11,22.15389854545455,3.247491286204826,16.431661,27.660074,0.5,0,0.0,197
insulin_ir,B24_ASP,SQM_MM_LEAP,INS:B24,IR_SITE1_FRAGMENT,ddg_score,ASP,11,11,23.174353363636364,6.581869308193279,13.564454999999995,33.450339,0.5,0,0.0,198
insulin_ir,B16_ASP_pm,SQM_MM_LEAP,INS:B16,IR_SITE1_FRAGMENT,ddg_score,ASP_pm,11,11,23.765260363636365,4.114311736707058,13.958928,28.774802,0.5,0,0.0,199
insulin_ir,B24_LYS_pm,SQM_MM_LEAP,INS:B24,IR_SITE1_FRAGMENT,ddg_score,LYS_pm,11,11,25.212670454545457,2.626197854067486,21.11021,28.955203999999995,0.5,0,0.0,200
insulin_ir,A19_LYS,SQM_MM_LEAP,INS:A19,IR_SITE1_FRAGMENT,ddg_score,LYS,11,11,25.44505827272727,8.46247610182156,10.374657,37.242048,0.5,0,0.0,201
insulin_ir,B24_GLU,SQM_MM_LEAP,INS:B24,IR_SITE1_FRAGMENT,ddg_score,GLU,11,11,27.69456409090909,6.727915300113247,17.437782999999996,35.677015000000004,0.5,0,0.0,202
